{
  "ZHIVAGO CORE": "/static/no-poster.png",
  "WAIT CIDER": "/static/no-poster.png",
  "TREATMENT JEKYLL": "/static/no-poster.png",
  "THIEF PELICAN": "/static/no-poster.png",
  "SPIRITED CASUALTIES": "/static/no-poster.png",
  "SPINAL ROCKY": "/static/no-poster.png",
  "SONG HEDWIG": "/static/no-poster.png",
  "SLING LUKE": "/static/no-poster.png",
  "REDS POCUS": "/static/no-poster.png",
  "POND SEATTLE": "/static/no-poster.png",
  "WILD APOLLO": "https://image.tmdb.org/t/p/w500/fFD7XEjaXIEuTwTm38BlaBHM7r8.jpg",
  "VOICE PEACH": "/static/no-poster.png",
  "TOURIST PELICAN": "/static/no-poster.png",
  "TELEMARK HEARTBREAKERS": "/static/no-poster.png",
  "SPY MILE": "https://image.tmdb.org/t/p/w500/cOm2ULaB4luYEjxlI53tW6jWLyJ.jpg",
  "SOLDIERS EVOLUTION": "/static/no-poster.png",
  "POCUS PULP": "/static/no-poster.png",
  "PATHS CONTROL": "/static/no-poster.png",
  "OUTFIELD MASSACRE": "/static/no-poster.png",
  "OLEANDER CLUE": "/static/no-poster.png",
  "WIND PHANTOM": "https://image.tmdb.org/t/p/w500/ickmMlA97iQejA3FmxmgJbIgIlP.jpg",
  "WATCH TRACY": "/static/no-poster.png",
  "WAGON JAWS": "/static/no-poster.png",
  "VOLUME HOUSE": "https://image.tmdb.org/t/p/w500/dSmuZVO5xVZ7F7IHu6FiEzNcxE5.jpg",
  "VACATION BOONDOCK": "/static/no-poster.png",
  "STRANGER STRANGERS": "https://image.tmdb.org/t/p/w500/blbbtx7DyvZ3JTGyc9MCArDL79b.jpg",
  "STRANGELOVE DESIRE": "/static/no-poster.png",
  "SKY MIRACLE": "/static/no-poster.png",
  "REBEL AIRPORT": "/static/no-poster.png",
  "PLUTO OLEANDER": "/static/no-poster.png",
  "YOUNG LANGUAGE": "/static/no-poster.png",
  "WILLOW TRACY": "/static/no-poster.png",
  "WARS PLUTO": "/static/no-poster.png",
  "VISION TORQUE": "/static/no-poster.png",
  "VIDEOTAPE ARSENIC": "/static/no-poster.png",
  "VELVET TERMINATOR": "/static/no-poster.png",
  "STORY SIDE": "https://image.tmdb.org/t/p/w500/5o32Jnu6MWJr7lfiGapVq0BSYiK.jpg",
  "SLIPPER FIDELITY": "/static/no-poster.png",
  "SHAKESPEARE SADDLE": "/static/no-poster.png",
  "REQUIEM TYCOON": "/static/no-poster.png",
  "VANILLA DAY": "https://image.tmdb.org/t/p/w500/y0Z38FCaWM9fvlYgP5DLjdpDSqj.jpg",
  "TEEN APOLLO": "/static/no-poster.png",
  "SOMETHING DUCK": "/static/no-poster.png",
  "SMILE EARRING": "https://image.tmdb.org/t/p/w500/qRgoMiMvkb3oCMgCrTs2B96NoRE.jpg",
  "SECRETS PARADISE": "https://image.tmdb.org/t/p/w500/8jyi0zxjB5plHhnEWxhwEJ6K4Om.jpg",
  "OZ LIAISONS": "/static/no-poster.png",
  "OPEN AFRICAN": "/static/no-poster.png",
  "NIGHTMARE CHILL": "https://image.tmdb.org/t/p/w500/o0VNyGoHqXQvKsSgiAOcUXefFuq.jpg",
  "MOTIONS DETAILS": "/static/no-poster.png",
  "LOSE INCH": "/static/no-poster.png",
  "LOLITA WORLD": "/static/no-poster.png",
  "BANG KWAI": "/static/no-poster.png",
  "MANCHURIAN CURTAIN": "/static/no-poster.png",
  "HOUSE DYNAMITE": "https://image.tmdb.org/t/p/w500/AiJ8L90ftPAwVf3SDx7Fj9IMZoy.jpg",
  "GREASE YOUTH": "https://image.tmdb.org/t/p/w500/A2gonNDCoGpDqFFXJEMIu5moMzk.jpg",
  "CHASING FIGHT": "https://image.tmdb.org/t/p/w500/mjrCx6u1O4ZYZoXjkBTk2xzmb88.jpg",
  "ATLANTIS CAUSE": "/static/no-poster.png",
  "MUSIC BOONDOCK": "/static/no-poster.png",
  "CHOCOLAT HARRY": "/static/no-poster.png",
  "JAWS HARRY": "/static/no-poster.png",
  "HARRY IDAHO": "/static/no-poster.png",
  "LOUISIANA HARRY": "/static/no-poster.png",
  "HOLLYWOOD ANONYMOUS": "/static/no-poster.png",
  "SPLENDOR PATTON": "/static/no-poster.png",
  "GRADUATE LORD": "/static/no-poster.png",
  "BACKLASH UNDEFEATED": "/static/no-poster.png",
  "DAUGHTER MADIGAN": "/static/no-poster.png",
  "POLISH BROOKLYN": "/static/no-poster.png",
  "GIANT TROOPERS": "https://image.tmdb.org/t/p/w500/281xkyOqjCUZLBxU7BFbe3ddZnT.jpg",
  "TOOTSIE PILOT": "/static/no-poster.png",
  "LADYBUGS ARMAGEDDON": "/static/no-poster.png",
  "LADY STAGE": "https://image.tmdb.org/t/p/w500/rlXAs1SKxn5A41Qx2SPFWVLS9g0.jpg",
  "PERSONAL LADYBUGS": "/static/no-poster.png",
  "BREAKFAST GOLDFINGER": "/static/no-poster.png",
  "UNFAITHFUL KILL": "/static/no-poster.png",
  "FACTORY DRAGON": "https://image.tmdb.org/t/p/w500/jik5uBfsejPU6RfrL5i5GLQVSa6.jpg",
  "REAP UNFAITHFUL": "/static/no-poster.png",
  "DISTURBING SCARFACE": "/static/no-poster.png",
  "SCARFACE BANG": "/static/no-poster.png",
  "ENTRAPMENT SATISFACTION": "/static/no-poster.png",
  "FATAL HAUNTED": "/static/no-poster.png",
  "FANTASY TROOPERS": "/static/no-poster.png",
  "PERDITION FARGO": "/static/no-poster.png",
  "INTENTIONS EMPIRE": "/static/no-poster.png",
  "INSECTS STONE": "/static/no-poster.png",
  "BLACKOUT PRIVATE": "/static/no-poster.png",
  "INCH JET": "/static/no-poster.png",
  "HORN WORKING": "/static/no-poster.png",
  "GANGS PRIDE": "/static/no-poster.png",
  "DOORS PRESIDENT": "/static/no-poster.png",
  "HOOK CHARIOTS": "/static/no-poster.png",
  "CROW GREASE": "/static/no-poster.png",
  "SOUTH WAIT": "/static/no-poster.png",
  "QUEST MUSSOLINI": "/static/no-poster.png",
  "PARK CITIZEN": "https://image.tmdb.org/t/p/w500/ffM3E0ipzZEFkdii7T23BZ5rya4.jpg",
  "FORREST SONS": "/static/no-poster.png",
  "DRAGON SQUAD": "https://image.tmdb.org/t/p/w500/bG5psOQnLBiNR6HpGjSTEglWn6l.jpg",
  "MOCKINGBIRD HOLLYWOOD": "/static/no-poster.png",
  "LAWRENCE LOVE": "/static/no-poster.png",
  "DARN FORRESTER": "/static/no-poster.png"
}